Username	Password
8300441446	1Gywnw4GRH
9855-77015	eAELxwmaXA
5159238020	iszp1UNQbE
5-85-91575	X0TKPGEJii
-858823148	Fx1AQIhbjc
9206378163	yaS0pjHZnn
-61689---6	PeY1TqMVyU
7962205332	0Ro9qaN1sy
-33585630-	godqQarNhQ
5650650236	9Ht3Yc0GaJ
9-89694059	13hFu4xx4V
6835776164	bK8pPgdMvH
7219937341	AAkEUanzhw
3133742904	GkqXHcxwBQ
7868879012	YANku6qqnb
0682047172	0ih8nDexLC
9773510997	oauczWIB0s
51-712-029	iPkoOiRaYD
4818470-53	KqVFINf05r
5318160569	CIRJ6B1u7j
0665183481	e8f7qGUAns
061746542-	hqx7jJP7FO
19-9777827	IPpR3BB4uO
29-0247116	L8eADnrtnP
2-448-4663	cr3Rcp0CbW
15703-1979	aEp8uPNLoE
7537997909	m9ZNyJg0EK
8945866-61	EpYUNBRPA1
795322139-	vBXKPlBG4s
7623332504	V9jYJxhhbk
816393287-	kpZ56Wgf7m
--03258720	GMKzCtLihS
2154084512	PgnrfWVUcg
1-04792706	fbKFNn6ipn
1937772597	FPi9Ivunbb
4406431819	BxyjB7OZ3I
3957824909	Mb3VbTE7is
5215-21961	9MUKCQEsbk
1879210676	GzyiHMNzJv
25-9450305	MSolnxz1MQ
24-7335102	bsvmyJrII7
5220-97339	xKUQGVlIqg
5047774508	jfFNYpnit0
--9779--08	aE4DMafChy
5802996066	QPpfK6FhEH
-480134-89	Ku0YYbGcqM
3955635368	GtCXli9SRy
9204381092	jD3Gec3ybg
6944090-40	KPZtojgkTY
20438-6452	WGXBThVasA
0835296199	5MZwBachi1
--63157161	TtpLnyaQ5l
18-27889-5	yRZQXlsPQK
4048501048	LUS3DOsTn9
24050637-5	C6jbUC1hUs
37-44282-8	QD5Q1RBdr5
9035138360	6iWfw6aLU8
688776923-	jYHoEiUxCE
7552-83124	DkIiovgKRU
02124174-7	Ar0cMgwnPf
703607-478	R6a1zkw6D3
6940490106	kEH7ZbPYFj
5889015547	ihKlloTPbu
3650793-99	X5NvU807nh
8431-00611	VbrwD0UX3U
67-6369215	P8kDJdmY6J
30-7850372	t6x54PbNwJ
3056363804	UV0m3gJdbB
2-13-95-94	KnvfXerSao
8078402--7	Qr7qcaPbIb
4534042910	l4ePI78a9l
48-3-87-52	5xq6CT4aPb
4337229986	RHLsREn6OM
40191328-6	3i1pQnTFxo
8018649-48	ikNYjFfhEJ
3978236713	BFtDxXlB9W
18706-7655	mgJlSGQdpa
44-4-64-98	CQ4eFM4Rkf
6179836663	QnnWQCmxr1
2477094193	hbQfB33mdv
9925-08651	xfjaKfMYE6
6171419495	pGzMEcYnaZ
5802244520	JN6Z7gHIpJ
0355576--1	6Vwdzk8vba
5678484612	ciJwYjuZcx
6115833-1-	mTW7TkFDgf
3451585002	k7XNchD9k9
338698-547	W6ASDnPC4W
9986409903	KVYf74ru4F
72126867-5	GJasIAhX36
-11247--03	o1oqIN9gT8
1061139470	EKIHffJhU4
107076410-	vZMgg8MVvh
3-189867-5	6d94KKBXMz
1-84201078	fl5wvvLt4P
151784772-	FHxVUzvBdF
9226219452	CetfD3KBKo
10-8--8447	keDh8CKJ7L
011-8-4916	kzu8Y4a7YC
344654440-	Q4nfeTkStR
70-1946295	wnU60woUcB
9088-76083	mXxHTjBOcK
6869853807	veGyIwzjs9
1079882337	NScS0sZvNn
1097178667	0w670pqkvi
0-29091-92	ZL5LktTquW
2-3-569769	JF55dorOS5
1838038703	SJQUMhvtE9
-679712965	ePxboWn8GF
60595-6746	suRoUA7QiS
28235648--	KCF3yahxpc
85--506756	hapf3ISBE3
596-7-306-	XUfdYCVu5W
9742260353	oavGmDxPkI
7014226551	csOIslAk1v
577-196341	VFYeTKe7VE
2-0310-5-5	FW5RmklCTY
1037-94464	grFwkS8aHQ
7972035537	GLgpfl1zGK
528217-887	9YBzWDjM0y
-84-328499	fVFBavtBI3
075765-3-4	pqYCiM109i
7007211174	WYp1ttyIT6
3230274-61	fHwZtxdqQG
6-84041529	4BZiicjciz
2274-64099	y36znSWMFO
6332-19322	LwKM8ybWOt
9195973203	hxElWOeUiD
395447783-	Sn8SfCWTYp
5907121693	osYwnrQfEn
3831140814	Ycn5JVjR1i
26-1079359	yFvutwYQyn
1865443717	bIBmrreWr7
8847639-95	DyPoWwZC8c
385-784046	xIXdtETVTy
52-20423-7	15crM4I39U
2461848-52	4k9hqKuWCm
146798894-	wC4l5Bym56
0-3-799500	YE3dw5gBd7
4904254419	fZXJn1G5Ho
6450209645	BGw6cLvm7B
3714129588	5I5oQr8mk3
1670981748	VXAgQUzOEe
719064-165	GwIMvipBRr
6-8984-464	V7VZ7x1Yef
2562236531	OCKuRQkaOa
0785639361	0Zb4M0fWB5
449247-902	GQicPyypnD
-3-73765-8	A9NPM07Mic
1793394292	yQeMCynt11
7-11655131	5Dze1Iz1An
-9719-03-3	iIF6Wq6pMP
4-62902596	qimkFzmqXv
2929689208	TsTA4HBLND
7442-55689	epGVdbTNUP
620541503-	bFTAYDWpuf
767040995-	gzLU7RIzZz
5541653693	hFqIiQky0z
8490773815	JxphbMBVdr
-467688925	Q4M9ICAw5t
4103654825	APuLDes7OQ
6879373107	fL3YjxBx30
2211486018	kG415rJF9o
0847-24236	hPO1mV7m4M
644-43841-	NfrGPunv4k
80400864-1	dCJI3UjHmQ
986-690973	u94QOnxsqW
0-57-8-93-	7no8G9G3MY
89576-238-	lrAJVeMXYS
4372685-78	BklkZnHE40
7169079768	1s6bk3AMJB
69434-5-73	SwrtucEJiE
35162--504	MUx9HR5VGX
6-09038243	WbwzMmRGCJ
617523-389	Xdo6ZC0mNG
4617270382	1Dw9xUiSRw
9147853750	cEZzEZx8K0
1727096934	DuBhCwI6ko
6692747682	SG5gbfQtuB
4275242532	p88k1lzaZD
7234116517	zUrA3HjpI1
0837648-27	lBQWaDG0nG
56-303-7-3	GDGo4I9rgh
6113717127	6KxobpH8Q1
6907-54472	9eLSsjmPSM
5955839-11	UaL3PWmKuB
147195-73-	LC9dgfQQXC
515-095717	KPYiyI1Xkx
-19-336669	X4v5y1SAcL
33091-7448	VDEo7vQdaG
3100462-39	6yXfWXlkFt
265724460-	YXh4sg5DkM
7532105510	sHywZh7qWc
-795551227	NWtbpB1r3J
5973796717	t7zMhTdnDk
4705-2-39-	x9IJIbPFHp
466195-4-0	EOiJoIh1dF
2465359382	ZzIKHlKb3O
6829598889	8VzZKI77C8
-04-623092	QNGX4p1iTV
7438999-25	8GFyImqapI
5598060406	ZX8VdvitlR
0626195034	xQTKX7rsrT
04-0311261	TckQxGokHw
3409108641	ch83gnX3VX
3080-31339	ijog091Huf
0959537244	HeSU5FND7i
4812-09-6-	K830dSschB
466565-74-	uArZOICtQA
598842544-	RKZaDAtUhJ
32353-7985	PBOTNWdm7A
9-25168627	Ql0zzlAQRG
2197-49655	vEP5P9jBDP
1306023032	I096SFj3MJ
93-0201500	lSZfyCvUGw
5717569413	87IlL6xHzE
8-36-33200	13kDpweBx8
7899937971	wy6Ssv0bes
0528177266	09oCJB5b5E
1--8-36463	Qfcli93bLS
8346531346	efxfF6y6Zp
3387-35487	zoHjyWZNcn
-453503088	7hly7n6Ep1
94-8610402	ZgymaAHwVm
768412-332	fNPrMNpRxB
7995735978	ygwVS1IOAK
097300-815	MJL05kTvUk
267249189-	cdfpQmnf83
6394012833	i6CtKAal1F
8-75508468	uDuxU5WMW3
4970907442	U006sE0eTd
5726883933	rYwhRE5plp
497--61877	AtRbtdNuQB
960597874-	pi5HXw0rQp
5149005729	760U8FuQiU
-12-509453	DxDgo8KRIU
8064469246	xb6MVMDg98
6202790779	auePbqW4s6
9464890-39	pFbkbLpNKU
7-07-51338	LKjOgcL1v0
07160648--	zeZFy1OMeb
-119207184	M4lJM7eq3O
2384812577	8vOaRUcHQC
8752586--8	CrSjPcqJJa
814551941-	y3H79k4Uvm
8-8-68-413	RbKov1h1rB
0916293-11	KnoAtuZJK0
0943436428	YyZarmBtjo
-453547372	RO64dx0PdQ
04-13-1921	pYAqaFniF5
41435-5934	669JFnKxj4
04-0962564	NhBTNxGK5N
9-68709407	lmCFTCMsck
939-894294	xZsCurYTUX
0955447516	nvVPXGmloY
43316994-3	URH8kCOL45
1505340706	FyXNIoJWqJ
9950425337	OuwKzDpU9l
036397-981	XTGIYJLuq6
454-6-523-	lIztnmJYkB
0174151330	qu1uhGBNUu
-593-657-3	NJzyxMmZk4
3-757-7658	gQAGmRSIts
692-794064	v1uOEH5hiZ
9399-61221	XmlVidphlP
412-68-402	DnT0PDSMJ5
2777299086	5EshTbFJtz
058010-656	on1bhJSIoX
0554280149	MhVLQJEK4M
-65685--22	vw894iVsqO
4358341358	wJ3osNV3A4
5-7546-732	Z5U06zvXN3
3116362366	aOLCyAugmS
4953225052	UdPqyVVxU7
087-330975	sv14MEhLge
9-59220140	caAtLIRdVE
018392497-	aQdTVuvH5u
7870533685	3JZFwONJrd
9869294069	v5z1v64R05
3351471630	cY3HJwUBwD
2-49870960	pn06JVqblr
5-6-741014	BbKWkPKKcH
6063739267	9wNuYSYiPt
8596780503	INEf1ngqvY
44-9622694	ZgMJ6iER9G
20-9088525	A7fYcauHZA
6918-49341	S57QfyhVzk
6580333637	ww8Mmumzcz
9-09647772	xLdfNJkJbh
4397-96275	yCvXgByCCJ
766154-233	aQmj5zeUPH
8328038633	CZBWrJ9Bqd
7948-65404	cNToWEOQqU
6767-97370	KeRZej8kYD
8-35822137	sWJOiDhcu4
9401456160	kiL1O5C7JZ
106748-412	G4vgZ8cAd4
09526406-2	ruS3FxJMly
-931708234	M7jjMbKHf0
4-05466393	HT7i01YPlR
8234721508	iuB9TOqOf8
2389170913	cLyQRd45zJ
925-645059	41IV5MKUw1
6750--187-	QqtsYc0NeK
4-71748626	bkQLoiqWqm
-935581030	4keChFDu7T
576939294-	U6zRf6dd0E
0464371720	4ZoQLXlbCD
-273841-39	4DyesCirf4
8-36698222	PGhzdHUP7L
5396468413	7rOoeGJ89s
8--14-9865	qAZLV5gmQE
47322-0-42	DYGtVrBdy6
7720427655	TSxMKdEPVU
-0-9969977	9IcgxpAN14
93-0409156	qIFaBXqfh5
04418-9587	eyyhFxGG5T
5756376267	XGv7i15CZc
919300312-	6HYVlCTwKd
1042127099	vz7dg4Dfke
267-448089	Qk1UnMqg78
1526727-60	IEK9rbRNoM
89199--556	Xs7fiKJ1Sg
8908-45929	58u1NxQ1OJ
3512447549	b9PYzVD0n6
9195459976	NBa0smmJtM
97-0756995	LXCinAdl0V
04843395-0	KbPACRc5cp
7997186566	c8JYVEevZk
69-5929882	JRokGjM3kD
1936715139	sS7DR7Uo56
7509-8-985	qgj4WJF8KD
6-06934032	NGYjaqy57U
-027845034	5JLH6MCKCO
54-3802422	txf0uo9Bqs
3117549-87	4FgCRtaWOG
4794673-39	HqLqwXp3nM
5099576096	vhd5koSbXb
65952-9-25	4Niq4yvm4K
8708216748	FVMvTHsmMr
1436184354	BMqOmz9VhJ
6-75636-42	YcJROK7VYz
45-4200506	8nhQeGjGKY
-571291-44	uw3l8rws45
1196972064	DdM0SQtCRF
9159484585	AMJLFOfIOj
-949378041	aqRimUrExf
7555439108	qTrdG9tTIl
7806595717	vaGVxCvR1f
132530--72	qJdOOBSnsf
4824765908	XBI3qd04Oy
758-2005-2	pOh55XMeLO
7776272619	MeIWhkeVlS
0418913760	9tpmDtVHwU
512863841-	u4r0hmdRGY
02-76161-2	lpg8K6qChQ
6-15-0775-	iGiGLCKvUq
9716151229	kFSaHrVV4x
91-0--38-3	smI3hyEgbB
-933--9777	iZRw3yOpYC
51717-6910	fPJIcrgvEy
872278957-	yvw6z5kOHc
928236-594	r1FvLYfVMq
0866054828	AvbK7yFQmQ
06-1-07200	zxnQFvzLLl
08907584-0	5WpOPDGsGt
551-266422	K48Wc0Hl7j
9--85-656-	JUFYJU0LyN
744588-941	059lojJ6Zy
200271-841	RP9mQyns0d
452-637-39	6XllAnWvEG
3645569877	ydIULpnxcU
6831-3-424	v1EDxCDLLO
591693822-	EnPRwbIZJK
744335573-	49SmXJUbqu
3635215524	nBQZmPtudV
59034-7242	MJJSUxqGEu
4597378388	OgztIbXZFm
--7236-129	jkR0wXg6gq
6233309-93	cXO557aXlI
2840544491	TcJifbq3RW
3131305185	nfyFbH0oSz
-023857950	5wjlhfovD1
0359668054	MeefDmnDum
-55394-077	LdQBRS6CUS
-1-2020406	zAPBlrD6CP
7503205325	tlhIFvLDBL
--99980743	EwnwgKqqZB
0889477634	7FbPZdnqCc
5329-30320	uUqypGSxJF
834-710591	Zcns6iaMcR
6755516476	cHvw8OAG7c
517594708-	VUa5HNeGsD
038-225511	iaCmsS4gSL
6966282254	afoUNnketZ
05497754-1	Kh8X8XoKBC
9-9299651-	pl8iMpr4nF
1199397141	hK44t6Duum
445-9-0056	vqVV7yVzBB
29--58-9-2	DxSmpVkYwd
920596188-	NwcauCSv37
0612806212	mitUaHspNz
87300-900-	MNEstSholL
778392-097	qftwNaLWIn
9-918279-3	6CQ7gtwAIU
66061686--	hcNEw8zPue
6566151464	HSCYWkTdXy
7764291265	qqifC5c1En
48222932-3	O795KEQuEb
1790-6-561	perB55XMlf
20-1740-97	Q9dogvVczX
79-75-48-9	X68PmoafKo
433-611945	YOypZcP0qK
6310260883	NXrUwonbW4
434556-859	As1hAULrkL
6614482-69	dS4XRDZtV1
71047-4982	EETMYqobKT
3193141057	R1sX7qVI7q
5027492477	e5Jd1981u6
37-6188863	U1agaR1ABs
1422757785	JQmTIuPWuE
47314-9794	mDLh0zZFoC
704346-77-	Q1swzroIoP
7874758852	AKhoTlbkAM
-000837590	BAm75qT9b6
87753-1503	ARUu8yQLQz
7708439191	cnZWW3ScEb
1967630756	MMWQx6lzHg
66-0909856	HRh0SJYrXp
-935570935	XfSkdbSJj9
3572-40039	33K9s5Vn4g
-769103457	XKn4PE8LU3
1-01942-67	W0jQoCUCgJ
7236172023	KgswxjKIhT
-7463-3850	AQxZQ6Fi9l
374436315-	6nXR5bVv5k
28059622-6	hHMFpUBjEY
3646504619	Tbnq9Bz5Fn
928837-255	UKf9QzDmks
5203-31-67	eQWHXpD09u
7-47000330	NHwtmxLeap
10-3502766	4SfazvY8AA
3555-75-94	cft56GhkcS
3472883102	8WSfTly9XN
66282841-8	VZVXPN4ZvQ
0513-73703	ra96pLWrnI
1113843164	rwX8PEY097
9690936728	nIYlDjJXiR
934769616-	BsSfboWDR0
0098109740	Z1d4ygeAas
8122372124	OVAsORmzyQ
21-914-085	IuBUWqvHhU
9254331361	WC8Wql4P3C
76-6425-15	5AcGeNpYNa
6142269556	QLEnZeJekw
8-91598098	lY3eozyIeQ
6-97734699	3XxxZpjkbW
4477395276	pWVnYpdk07
9466198627	qw0k0Udamp
3004919687	9ugqvmRdAe
67-2978098	xYZSLZEXHI
1900966143	BU7LIbccbs
3831992512	oNU7OKRKOQ
2726222117	CCssVIe98d
55-167-076	WCEINggcnu
4862951710	rFxIwFCYEC
166-017-84	H6r1rBmuCC
9206-1-390	KCuSCTGc8h
796898523-	Iy3MiMVzGU
88276904--	ZjcIPdjLdT
5840151443	SuJTtjSWFH
-31049199-	L1wztgfaW5
2609195327	imJn9Sdz3I
362688-394	mD1XGqtijk
-086258199	8yhVOEwlrG
-175117626	VeldSiwWel
1801-7-645	Lm3Js0yX3J
5682453398	RxJbeFuGbc
9-73539282	iAJ3yRSCxC
-842209607	6iUv1PPOpC
3787775411	hBJNEluzjp
-585272985	110dwS4cKv
20539-7327	9lQVJGbRB8
1107-1617-	vVEy6YK0Mu
4-90444130	gK6NzqkGri
893066761-	LTHIL1f8Jn
09-4788982	5fsqvlMaQM
8-7-4745-7	oiVMPEhESy
5184028435	yiQYVWwaju
940721-636	ePcH4gVTsh
723-988870	UFqhzPM660
5264662-77	JVhXfAB68N
0--8475044	IHahuF3yKs
86385-395-	ZwxkrJw6QB
496-347830	oVmafCxTyw
63068631-1	aIW6O4RsHe
9318263241	H6G1FE3IiS
25635279-1	tlZMKyR1tS
6159683606	9EaDxn8uLi
-209455038	SDbmkKMlOB
1109327267	M8DuVJEXsx
4533177-54	zOqUfWuysD
18--758397	4l0pWtuVy6
275857546-	x6GItczaIz
5355500668	jhzJ8kZWKn
9859305867	SOHKABB6yv
6-6476-135	EiXbDjPY3h
7888149334	MOWTo6P5e9
7198-5952-	918GyzOU6R
3191--90-4	sWHYYCbdEP
3815032199	DmQGbGDWmI
70170-0291	wISVdnaHTy
93520-9033	Od5SmIuqg7
-22853746-	ljpU1cxWNI
2-62363425	UklKsXRWX3
-051759653	yW3aVp1JAp
6695254351	X5htRexard
9508-05037	GOxcJPZ3Yr
9007344987	TkkPRFXg97
6390817320	xxwOybnCow
1298124254	Xysxv8VD6b
444-9-2693	YHJscZwrVM
3-398---67	9w1l7iR4Z0
7845131149	fB98Qv5v31
29-52360-1	RZYGyOmnuY
0892108376	pYiLwqieNm
7504-76123	IFlpqrVAkG
694580-72-	W6AYPPeoD6
68-0672454	DEJ5hEKDZH
0905-08660	JYBoef98Lg
0820111689	OACo6wVqex
1618415351	ioCaZNvZlm
4399489-39	GUuDUSumkg
7267294529	pSrom4zVqt
7-25576669	oWk3voRtLz
6362459-98	A6sjrtC1LK
3-46054892	sRmrElcOs9
76019-4-34	awmHfhraue
1-43438057	dX6L6fX1tB
92-3136940	gg49Bdot34
331198323-	Cl0tIMIdRD
633-946-13	qcxvtyUHkl
8879284---	TWqdeUoiRw
1471391307	VmIUEHQogg
9286-94585	0kyz6OqH8U
1753846520	yU91wT6qdz
625873-575	EajbV1rAAz
0149460005	4tCZNKhuOr
6458404665	9v7paE0nw0
1952-35157	fvW6vmfjuf
3-38888008	bxtDJa5BKm
178-28-226	GmxjeSEZKE
9688814711	IfoKjJ5TTk
988798669-	bxEWZtRBSl
-744187213	4phh6m4iP6
9519990573	UIIzpNiRcm
6533402097	qivNSV16wV
6760336568	p08g0JbnwN
5122-5-468	1gZrvtOqtX
799285-059	9VDay34ydX
32002-6395	QJxH9SRFNV
2064124064	UUWKd5Dr4E
9336450245	wHtzM7qhpM
4582818780	l6sxvHb371
5024326926	tP44zRfen1
4950352834	TD9RsTlNGX
93937-5757	5VWXUaz5EH
5722805831	tFKP86Ew3B
427314-4-5	1wtDU4B53a
4289091415	VsXvubLkG9
647636751-	ES3KmuGRTA
-967731201	7PoMzaRQmh
7298-904--	AJEJwo9TM7
7624113383	7Xj1vDfkeG
1051411332	pRGNlMWaHM
3303-20356	3IBD3SP0Rw
9123205533	kADbsuzry9
5909362023	BmLbHiOFSP
8207730919	0lSMndyydh
453623-933	gn7T7YSrpM
989486--24	QFHOyWXiQ7
9566963020	aWwYNg6hiu
9957-57665	aTldCFQOIJ
1815709-0-	TVyTNKpA8X
1-49-80644	Pg6b9a7yF0
64786369-1	SKHrZtKFCb
54297-3032	ZZBD4tPL76
4511110336	M3XS7Kb4fJ
429993088-	QGfUXSgaKX
-5613-671-	cbiuNNwxha
8-5-69234-	UEKpnlgaZQ
-65-809004	IsAHSB9G88
5414712683	8YRqirjddt
-9235133-0	xTjSmxDgn4
3255-49809	5mxo37vhgy
9543207-89	QTKrRvNQPq
4395-19449	aZLd6ynWy4
5052319266	cPIHbAsuyi
1662930299	0YG4kKU4WQ
0-69974-15	n01zHzEba8
5-2805014-	TlV5B4wjeF
598-588428	XKTW1gyQUD
-540649883	pevqZiyC9R
263---97-3	rgyYyGd4od
4224107158	rzHhDdAYJO
3867315283	LzeFCaAcKL
332-582191	ADuRmD5f0w
-9356-2132	1dDHweqG4Z
71-456-83-	Oc1m65suzu
3533-78132	XC1WH9avNd
65-1180114	vqHUisP4gf
3-37841277	jxtvoV9JaJ
61623-9-90	7Pv4wt3NyI
83454674--	kHR9LqRDHi
090996174-	JRdw4GyqBp
0483945394	mLl3CtUHRn
599236310-	cLND36cekS
304-644--0	V4OfGgqhhb
34639586-1	S98Wyc3k7c
3896-217-9	FFBff9iJc6
8170509896	suFfTsHikH
7644414866	rtLZJa3frB
3576209782	1k5oBGi0iE
225-9124-4	HJxb7SRTBF
9837918180	WQZRbJ4AcT
672015782-	8UY7TOUoso
3889035342	ponwg4Z6L6
0046378583	cKOM8tDeEm
758331-653	NuK5tKF8zG
87477-7366	lL9lKV0g4Z
4469-23839	unqDiHsJ4Q
-2-5043-26	jsOOHDQVs4
2408700012	RaZrfa35yS
7752-6600-	lFyYAoxPnj
-39-030419	nKaTjYfvZK
8762912120	DsHqYmcrZq
2712153049	BN4uK8APPz
141-018730	OI4DqdXAVu
4185-25615	TUYwo1mOwZ
3020451197	sYkiCYNqdd
4411054919	qCiuB1mEtI
0548028448	vHBm9kyZ9h
9877094680	QErMyiwW3J
9899027776	DtEKkVQNMG
0656492598	TCYLPxXeBv
3216081657	9Db75OAyi8
2328682002	jTJrwhrbwv
8801405336	vDxymyZCDw
5-04723841	kOmseumCFS
-609379734	QhH5uCfjQg
8325820072	eK76g6G5Yr
673582074-	lPGzk4oD6n
116288648-	HcLdmsPxYq
2971620-92	uf7FDJjQm4
9002928459	c4VCygi4pe
-28691-8-2	3rP1YIT6rs
5076734935	Dvm1OgIi7u
1673251198	e5RboKxiEi
4120018457	sNZdDP0iys
58198-6148	tiDYCJFX5D
8--13-5-06	ngmQBgDS9a
1-8--4-157	dWFmOi7w8R
9548513353	y6Gw0XATSJ
0174-96-18	WCjl76jhfV
5508546084	m6BA7eWmxJ
663054201-	lvPbVpGsI4
4494-0-323	gF19eLg5XM
8089767807	tvbJqt6YMa
274-04-441	x6wIOLxoHo
2258-0202-	JlUtyEymig
7244423580	VW8AOdtgGp
556844-357	qIeCidGOLc
-26-178779	Ttk3BS5j9E
6796000993	AGE3kUNthc
767-0-9588	TWu3wz70Ic
1393830976	Dl3TTMNESL
8572956679	qUXlMi0CUq
44443861-4	iVLLXhz4Xv
0873-57644	Wxw5yGtmkK
5-36112268	6jcElSFQsB
7734671559	MqwRiaTRqe
-558102553	1dlrVy3vqA
2377001816	hrHz8raKJG
-919555337	tP3K8HLThi
9-7371301-	86HMMpGMMY
9796-09245	n5RNwqeVw3
5594708492	kSl4qqIq5P
65--074425	OMBJM8Df3E
92103-8-77	pF7BJA3tGM
7586-68548	on8EaHhC9X
8412-51524	txcJmEFzl9
7762-72178	owmVUpg5cM
5410891556	bOCWppbbXp
5468470365	J6B6GhncsE
0499-92-19	VqirdDcS6H
37-846625-	RPKurOyxwz
057767-94-	OE5Um7SBJN
6580786-49	CuKZRIYiaL
-095-70441	hlourytGxN
4854-7-7-1	hkPLSN3L1w
118575-3-8	Oien1nXuu8
408051-188	nxGlMIg541
3470229240	uAbfod16vH
1-62293909	Kwu48CO3lr
01536115-5	Oh6MTYhpRQ
86426-2218	irfzVHI6SA
3047397919	DAiQ1hJmqS
6929222-66	bv3ahrx7fK
6195292126	SGjcejCWrE
7285517907	7IFQhqVj4U
-2-24-0687	y1G3UoKZqq
327-8-3912	fkmpoLzqK7
9181-09834	R8JffPR0nY
0845666063	CjEOJ8VD1e
9-133197-2	UxeMmbbRmo
-925530892	EGZaKa9po9
78-5-41698	qnfNnhfXou
716182394-	Qo7CqaJyEn
7-78565916	BK0lheAEJW
-824225091	c8pen8PErX
4896893088	jswlhOx8mx
5404743654	mqKh5fbkPT
0885-8-703	NsjzGGE4GY
237-802436	qJ4yW4z7zK
1008207827	w9UBO3dfJU
649-886011	JGAFiAz6NZ
2642235613	1MOdnVZ46K
4456568649	rknDRcZjma
6-34025145	BcBF5lhoD0
3337518161	en15obICqY
9254530358	xaUQpLEIiD
5397561-80	MtHXwuPhYY
7479779238	ipftUJggQr
189-675806	H9AvY6dy64
201-792-82	F9pakuPqOz
-736421138	KAqCijwnHB
0439176073	OjZdunb1xs
9596169136	im0SxaM4Tk
-82-310938	t88puiXLiR
9266-94182	dyJJbVEhAQ
2856445771	RAz4pDYBbe
624-725136	hV95vidYsx
5259548932	DilSvL5pd7
2934354600	tRD7VBAirL
1063319-83	VYCvvKP7q9
7052720733	NF38GeISUT
0157561964	SMZxuGXcSr
34251-5486	D3OREgU3qz
21-2307685	wGtcar9q0k
02-0093880	vv4ozukuC7
7207386894	ApRqe07ZAV
0580108826	xXHafC5lu1
6217-02144	rYNdlL3p1x
82-5096371	5qYcHYbbyQ
7124708-23	e1DRX8FElO
5--0257398	We953QluuW
8732577783	7uuXRl0Bhz
52-973-984	a8kzdRd0M8
74-24908-5	8EbkCSla4I
3595-4--47	9Jwx8jIGNO
-94051-664	45NbmQHq3u
1332503479	GrzFHZkNR8
2547105440	Vqz3v65PKT
7715491873	s8Hy8LfCEj
2043637254	0vcMhHcl8v
097896352-	aLOulwl07H
5615683-53	U3tKjLOggZ
39364114-6	A90bAApt4o
98-4842126	ysyFCw5uK4
5430473852	1jMqmlwWLq
141-1-6286	0eB5Ul4QzB
648083-71-	c0bqz7zHUA
9323128602	5almpusAlZ
1008899927	gdiBXjVqs9
7716-8018-	FwmbxUHjIs
9188069057	PwCt6LtxYe
24-1336409	pirj4EiHzf
67891-6658	JGQTXtr3nR
2445213290	H9I3qr7VvU
5881413727	eXlPJo0YJt
3975749763	H3cp6nedAI
1-22130812	QfOVzyBJGj
6725518659	6fzGmn7LLc
67--130047	vNofz9snQv
7671-43235	1wtTICcVqj
07100538-2	FQXisrER5q
-790077850	SfbzIF5h1x
15996-9735	deSh13mMQQ
3477608-11	Qc3pLx1EFn
437698-108	adcIVuTfeN
5158000687	ngaVT6DtYT
2317537395	p5ytKtLAYH
6264888987	Eikij0s5Hr
72657867-0	3d4KonGyDM
710892-528	d03bYmWpDO
89571-6030	iJ3VMOPY4q
8868290114	shPdrjwgkU
-692488870	AwXmgG1rD7
251456-261	0NdGEYcMpb
237459024-	8fwSAREyHi
9927806945	EQXYLeROIr
3833-67-00	GnZCosfVmK
9161951--3	ni5Q6HUuEZ
6831186174	Tdmz4tXOmp
5071612645	Ge1nS5kIio
4-19460721	6zvkJ0993T
1825134307	4dI3uuD8X8
53-25-6886	UgG3PjjJsZ
46597623-7	IqQvrpgW3f
8875464870	AXZIUYZ41H
-32-394413	VHavA34btX
-53--05107	wHvsrj97fH
2-42729682	wEDD6uZnLK
100-193799	gSsOeONDmR
7-80617896	nZ6jTTKDgA
39-11287-1	4AvyiD540M
24712-0421	hYW40G7cO8
1-88782990	HjoxwQXt5a
-344-05-49	hdXZDAwnJE
7016123713	lBbM95N1n0
88194581-1	1pf3XPhX7m
3435352590	3aCXHpgS3X
95473--740	Ry7p5LZeWW
3953305164	FAdM1hS4cA
4801040922	UioG9iayPN
9589495921	ViAtfvTdyY
0928793754	6ojR8ldNPb
0-1889971-	7OKYgFiIga
6170020832	o6s8bpqKeo
6310605918	cLMjA1AR7j
1-26939013	fCW4dNmIHv
6734658710	dt6jHsTRBu
0061336561	1ZzoThM1rt
0997147034	lBo7wTwk1N
53-40728-2	3twxv6g700
9108965697	E3nIHYp6qJ
038-749266	g0gLivjcFb
25886-5362	Bpd4LUW6N3
5302970036	6Q9pdxnsXu
92-1127435	TZsnMVafx3
5554836311	ADiiN3Qeol
0-40676-23	J9zsn7O3Le
-044784440	1nEhSYw4fy
983-231430	JDWKIRHjp0
4921594414	3HSf64lmU0
7968676-1-	8XbKPRqfJd
9-4078-714	hHoC90YUZw
5755467686	v5DMelApmJ
2128467666	EUfxHhQOpz
-348410313	3mVkZWXHs8
48--1976-2	ueQPNpiWFm
9705943865	yHRxnce1yC
44463-5084	v0lQe3Xndf
473977-979	moReHS6ZiG
34555313--	FMkxSfCSSC
2465113877	GnfS5a3CQH
8412794-9-	zPkYg9meOd
7597-30126	Af7vxdG5kH
0108467072	n9axfDUyvR
8313150504	pYnpOPaUp1
955433-863	3HABQvhVnD
353-8422-3	Q3BzvyOJPJ
092-900789	quiHyOgAD6
4079773439	qWfT7dwVWG
9013263553	KeydovGoJH
-31-752215	03sZDXHzOD
7857980-9-	9nJ9qjn3zB
930-392009	iPiFdUTxSG
930-459121	KLyGVn0Juk
99799161--	r3lYXj8T5Q
5816-88764	9JIk9jmfHt
86-97628-3	HvctvEzxJU
-611243307	RSEH3mS3sO
0-1-129039	CypwBp9PP5
7722767102	wKFiLigcHj
1611121190	vVqEgY1BiH
--980-9479	LdBS6QRalA
-916877770	ZTlG3iKKgk
3993440358	5nNkFL8V1A
-60-762341	E8CH5BRfmI
809645157-	TfkKiz5Kdz
2-69693221	1kOEVLJf7M
6366943963	6sRJwO89l8
163---00-0	6fxV9jMNIA
9382836939	toL0xC3xRq
-5-3790028	0dn11nf5mV
564-75414-	ZvNT14FuNJ
197-824578	fnXSYu3xGH
1416029402	IMdljLY4uK
8854368-75	4h893R4NtO
1931649797	O4ORLhNS4T
1295373314	AusXpdkAHb
7-84-83765	f3ANqFXMgg
6324205651	TOT4GBDhge
3272147916	RKxA1331NJ
-444-363-0	uUncXBoREF
9427061775	9JpR4nPJlx
25555-2391	Dg7krDCQnD
6114883403	iUb97kNGsw
-016478908	f1x3ZBoSYN
3391511265	IFPbSQCX5O
7032258-15	1OQVa1Ic4r
0142511856	GSn86YGafm
52--619000	TjE6zH7xfe
29325397-0	HCKLSSnPtK
4806119244	1gtkliPaRQ
9-12522-35	ZYkfpxsXSl
538-768140	IrFkmk7JAA
87-1-70436	GJn4h6JNdF
239583397-	q6rw7uqA1o
6928286607	ITFVnExdux
33-7146500	KRVhrDpKv9
5942634721	Z9P1ikxLa4
6877679145	y4tyovU1aS
47796515-7	kOYqCoCjxD
8692343948	oZObNQUCf9
561-712219	LfxkvkL4qH
6794440945	lPvzQk4eTk
223585847-	4mz4ixuYTN
9043405628	xbSKE4VaJj
1779-56902	DUjyeT1P1J
5739687247	669VZeQAyU
86585-3043	oOyWlJ0Vkd
139946342-	Za8PLWxUC1
2699560451	i56kueFqil
7952349230	tgTumNzwPO
-8-9796041	FZf0LQz7QL
75-8-32068	3HxisnmE4x
9780-86032	UmvnoRjNWJ
42-9100812	cn8eQu0f1l
9880861397	N9oYDQD0f5
4273251816	Hfpk9fvWnW
0751189562	iDTyljlFmt
0087443135	MEiEphsXEt
7795064289	mIw0xzuXPG
0863269-28	VsqXsl3UeO
4540837747	DF1UJA5MdU
043---9647	0BDvUYN30w
996744-955	hu1YIAqNn3
353-715039	QuCy5acjPL
3477674674	Alxd39YvCz
9-79308553	cxnXLq0YGE
5907044052	QP0Wnq1ZAW
8057455279	Fms9YoYHmw
9425884863	jQxUjJDL9P
62042-8890	ZS1rwfuyW9
-09222953-	6Bw8msQzzv
5811419902	4IeJoDTDrJ
7904283231	SpYo08j4Ja
4857749036	7Y0dqYTGY3
643-567995	rNw3xSqltX
75-0802285	XFaCfeJhpd
943-634267	5KLtkGYmeD
6454340977	kOgIk6hz60
9173093032	fO6IOJnYAn
3-3--03674	PkEYmc9IXe
27474-6339	eDBkvzkoPt
447--5--30	lb8RrFj5et
2656368-54	uUV4KQ1LEM
6253089690	UzPWEiMCg6
4186-76233	5nKAqmOAcm
58-92601-6	OJRlQq7ZVc
2135108539	HVDXdcfJUX
6-70-52-11	sNUmGQOSie
7128226437	faeDn979AL
5695942944	58vcFwvQM5
-054285504	YVB6wJFAVR
-2014-1687	8iDbNCMjC9
--641-8078	BVYdZLasTC
8379968499	ZmbcgcK10B
-665231946	nN7Pek7ucR
-01798074-	IHfYmbg4fl
3-05291-60	Fivc1wgbQl
3369794790	oK8dtqyYAg
0177-06-11	MdWgjTtnU8
322083648-	UlRSqicDK3
3930-68390	Bi1r8f1Pas
-84-715912	pdUfGT9hee
54-8794655	3BIMvSRQee
3194224-04	XQtnGtrWFW
64853-5868	TGgZERc7cL
6528698247	xSBLabLR6C
809151-745	NWIuRCgc7L
9916921609	u4c5NtVmBP
0300722-04	dk7elztZlK
21-9834096	dGJ0vjt5Jw
5880506895	MVmajSfTDu
50952-2965	omXiuUnCIn
4-19326002	J876E87Sqw
0420944787	4FYypAoZgR
81-5418953	R9sLUAnRrt
4768025994	0nU1Xb9s3Y
-43747775-	fhXxTmTyPA
2971559832	MTI7zvi36r
5833011763	N3p3ZgOI16
42-5184740	bK0znSKBzv
340-1-7139	7XiZcJ4tMw
957-830682	l039edSumB
4-79103694	ImuYPxkLdf
6793713648	CcpveevLvw
